{
  "_pleroma_theme_version": 2,
  "theme": {
    "themeEngineVersion": 3,
    "shadows": {
      "panel": [
        {
          "color": "#3e1bcd",
          "alpha": "1",
          "blur": "0",
          "inset": true,
          "spread": "1",
          "x": 0,
          "y": 0
        },
        {
          "color": "#a9e2ff",
          "alpha": "1",
          "blur": "0",
          "inset": true,
          "spread": "4",
          "x": 0,
          "y": 0
        },
        {
          "color": "#3e1bcd",
          "alpha": "1",
          "blur": "0",
          "inset": true,
          "spread": "5",
          "x": 0,
          "y": 0
        }
      ],
      "topBar": [
        {
          "x": 0,
          "y": 0,
          "blur": 4,
          "spread": 0,
          "color": "#000000",
          "alpha": 0.6
        }
      ],
      "popup": [
        {
          "x": 2,
          "y": 2,
          "blur": 3,
          "spread": 0,
          "color": "#000000",
          "alpha": 0.5
        }
      ],
      "avatar": [
        {
          "color": "#3e1bc0",
          "alpha": "1",
          "blur": "0",
          "spread": 1,
          "x": 0,
          "y": 0
        }
      ],
      "avatarStatus": [],
      "panelHeader": [
        {
          "color": "#3e1bc0",
          "alpha": 1,
          "blur": "0",
          "inset": true,
          "spread": 1,
          "x": 0,
          "y": 0
        }
      ],
      "button": [
        {
          "color": "#3e1dc0",
          "alpha": "1",
          "blur": "0",
          "inset": true,
          "spread": 0,
          "x": "-1",
          "y": "-1"
        },
        {
          "color": "#ffffff",
          "alpha": "1",
          "blur": "0",
          "inset": true,
          "spread": "1",
          "x": "1",
          "y": "1"
        },
        {
          "color": "#e6beef",
          "alpha": "1",
          "blur": "0",
          "inset": true,
          "spread": "0",
          "x": -2,
          "y": "-2"
        },
        {
          "color": "#fcebff",
          "alpha": "1",
          "blur": "0",
          "inset": true,
          "spread": 1,
          "x": "2",
          "y": "2"
        },
        {
          "color": "#edc9ed",
          "alpha": "1",
          "blur": "0",
          "inset": true,
          "spread": "3",
          "x": "0",
          "y": "0"
        }
      ],
      "buttonHover": [
        {
          "color": "#3e1bc0",
          "alpha": "1",
          "blur": "0",
          "inset": true,
          "spread": 0,
          "x": "-1",
          "y": "-1"
        },
        {
          "color": "#FFFFFF",
          "alpha": "1",
          "blur": "0",
          "inset": true,
          "spread": 0,
          "x": "1",
          "y": "1"
        },
        {
          "color": "#848484",
          "alpha": "1",
          "blur": "0",
          "inset": true,
          "spread": 0,
          "x": "-2",
          "y": "-2"
        },
        {
          "color": "#dfdfdf",
          "alpha": "1",
          "blur": "0",
          "inset": true,
          "spread": 0,
          "x": "2",
          "y": "2"
        },
        {
          "color": "#fcf7fd",
          "alpha": "1",
          "blur": "0",
          "inset": true,
          "spread": "3",
          "x": "0",
          "y": "0"
        }
      ],
      "buttonPressed": [
        {
          "color": "#3e1bc0",
          "alpha": "1",
          "blur": "0",
          "inset": true,
          "spread": 0,
          "x": "1",
          "y": "1"
        },
        {
          "color": "#FFFFFF",
          "alpha": "1",
          "blur": "0",
          "inset": true,
          "spread": 0,
          "x": "-1",
          "y": "-1"
        },
        {
          "color": "#848484",
          "alpha": "1",
          "blur": "0",
          "inset": true,
          "spread": 0,
          "x": "2",
          "y": "2"
        },
        {
          "color": "#dfdfdf",
          "alpha": "1",
          "blur": "0",
          "inset": true,
          "spread": 0,
          "x": "-2",
          "y": "-2"
        },
        {
          "color": "#fcf7fd",
          "alpha": "1",
          "blur": "0",
          "inset": true,
          "spread": "3",
          "x": "0",
          "y": "0"
        }
      ],
      "input": [
        {
          "color": "#FFFFFF",
          "alpha": "1",
          "blur": "0",
          "inset": true,
          "spread": 0,
          "x": "-1",
          "y": "-1"
        },
        {
          "color": "#848484",
          "alpha": "1",
          "blur": "0",
          "inset": true,
          "spread": 0,
          "x": "1",
          "y": "1"
        },
        {
          "color": "#dfdfdf",
          "alpha": "1",
          "blur": "0",
          "inset": true,
          "spread": 0,
          "x": "-2",
          "y": "-2"
        },
        {
          "color": "#3e1bc0",
          "alpha": "1",
          "blur": "0",
          "inset": true,
          "spread": 0,
          "x": "2",
          "y": "2"
        },
        {
          "color": "#fcf7fd",
          "alpha": "1",
          "blur": "0",
          "inset": true,
          "spread": "3",
          "x": "0",
          "y": "0"
        }
      ]
    },
    "colors": {
      "underlay": "#ffffff",
      "bg": "#fcf7fd",
      "fg": "#f075ff",
      "cRed": "#f69fae",
      "cGreen": "#6bcaa9",
      "cOrange": "#dbbf6d",
      "cBlue": "#45bff4",
      "accent": "#d5afff",
      "link": "#5b7be0",
      "text": "#3e1dc0",
      "badgeNotification": "#fa53af",
      "badgeNotificationText": "#000000",
      "alertNeutral": "#3e1dc0",
      "alertNeutralText": "#000000",
      "alertPopupNeutral": "#3e1dc0",
      "alertPopupNeutralText": "#ffffff",
      "alertSuccess": "#6bcaa9",
      "alertSuccessText": "#3e1dc0",
      "alertPopupSuccess": "#6bcaa9",
      "alertPopupSuccessText": "#3e1dc0",
      "alertWarning": "#dbbf6d",
      "alertWarningText": "#3e1dc0",
      "alertPopupWarning": "#dbbf6d",
      "alertPopupWarningText": "#3e1dc0",
      "alertError": "#fc66d6",
      "alertErrorText": "#3e1dc0",
      "alertPopupError": "#fc66d6",
      "alertPopupErrorText": "#000000",
      "panel": "#edc9ed",
      "panelText": "#3e1dc0",
      "alertNeutralPanelText": "#000000",
      "alertSuccessPanelText": "#3e1dc0",
      "alertWarningPanelText": "#3e1dc0",
      "alertErrorPanelText": "#3e1dc0",
      "fgText": "#000000",
      "topBar": "#edc9ed",
      "topBarText": "#b88ce8",
      "input": "#fcf7fd",
      "inputTopbarText": "#431873",
      "inputPanelText": "#3e1dc0",
      "inputText": "#3e1dc0",
      "btn": "#f4dbf8",
      "btnText": "#3e1dc0",
      "btnTopBarText": "#3e1dc0",
      "btnDisabled": "#faf0fc",
      "btnDisabledTopBarText": "#cbbced",
      "btnPanelText": "#3e1dc0",
      "btnDisabledPanelText": "#cbbced",
      "btnDisabledText": "#cbbced",
      "btnToggled": "#f4dbf8",
      "btnToggledTopBarText": "#3e1dc0",
      "btnToggledPanelText": "#3e1dc0",
      "btnToggledText": "#3e1dc0",
      "btnPressed": "#f4dbf8",
      "btnPressedTopBarText": "#3e1dc0",
      "btnPressedTopBar": "#f4dbf8",
      "btnPressedPanelText": "#3e1dc0",
      "btnPressedPanel": "#f4dbf8",
      "btnPressedText": "#3e1dc0",
      "tabActiveText": "#3e1dc0",
      "tabText": "#3e1dc0",
      "tab": "#f4dbf8",
      "fgLink": "#203fa4",
      "topBarLink": "#3e1dc0",
      "panelLink": "#203fa4",
      "panelFaint": "#d35dff",
      "icon": "#9d8adf",
      "poll": "#eddbfe",
      "pollText": "#3e1dc0",
      "border": "#3e1dc0",
      "postCyantext": "#0b85ba",
      "postGreentext": "#369474",
      "postLink": "#203fa4",
      "lightText": "#221068",
      "popover": "#fcf7fd",
      "selectedMenuPopover": "#d5afff",
      "highlight": "#d5afff",
      "highlightText": "#3e1dc0",
      "selectedMenu": "#d5afff",
      "selectedMenuText": "#3e1dc0",
      "selectedMenuPopoverIcon": "#8a66e0",
      "highlightLink": "#203fa4",
      "selectedMenuLink": "#203fa4",
      "selectedMenuPopoverLink": "#203fa4",
      "selectedMenuPopoverText": "#3e1dc0",
      "faintLink": "#7724ef",
      "highlightFaintLink": "#6310dc",
      "selectedMenuFaintLink": "#7724ef",
      "selectedMenuPopoverFaintLink": "#6210dc",
      "faint": "#6865c0",
      "highlightFaintText": "#423f9b",
      "selectedMenuFaintText": "#423f9b",
      "selectedMenuPopoverFaintText": "#423f9b",
      "highlightLightText": "#221068",
      "selectedMenuLightText": "#221068",
      "selectedMenuPopoverLightText": "#221068",
      "selectedMenuIcon": "#8a66e0",
      "selectedPost": "#fcebff",
      "selectedPostText": "#3e1dc0",
      "selectedPostIcon": "#9d84e0",
      "selectedPostLink": "#203fa4",
      "selectedPostFaintLink": "#6310dc",
      "highlightPostLink": "#203fa4",
      "selectedPostPostLink": "#203fa4",
      "selectedPostLightText": "#221068",
      "selectedPostFaintText": "#423f9b",
      "popoverText": "#3e1dc0",
      "popoverIcon": "#9d8adf",
      "popoverLink": "#203fa4",
      "postFaintLink": "#203fa4",
      "popoverPostFaintLink": "#203fa4",
      "popoverFaintLink": "#7724ef",
      "popoverFaintText": "#6865c0",
      "popoverPostLink": "#203fa4",
      "popoverLightText": "#221068",
      "highlightIcon": "#8a66e0",
      "highlightPostFaintLink": "#203fa4",
      "profileTint": "#fcf7fd",
      "profileBg": "#858a95",
      "wallpaper": "#edc9ed"
    },
    "opacity": {
      "underlay": 0,
      "bg": 1,
      "alert": 0.5,
      "alertPopup": 0.95,
      "panel": 1,
      "input": 1,
      "btn": 1,
      "faint": 0.5,
      "border": 1,
      "popover": 1,
      "profileTint": 0.5
    },
    "radii": {
      "btn": "0",
      "input": "0",
      "checkbox": "0",
      "panel": "0",
      "avatar": "0",
      "avatarAlt": "0",
      "tooltip": "0",
      "attachment": "0"
    },
    "fonts": {
      "interface": {
        "family": "sans-serif"
      },
      "input": {
        "family": "inherit"
      },
      "post": {
        "family": "inherit"
      },
      "postCode": {
        "family": "monospace"
      }
    }
  },
  "source": {
    "themeEngineVersion": 3,
    "fonts": {},
    "shadows": {
      "avatar": [
        {
          "alpha": "1",
          "blur": "0",
          "color": "#3e1bc0",
          "spread": 1,
          "x": 0,
          "y": 0
        }
      ],
      "button": [
        {
          "alpha": "1",
          "blur": "0",
          "color": "#3e1dc0",
          "inset": true,
          "spread": 0,
          "x": "-1",
          "y": "-1"
        },
        {
          "alpha": "1",
          "blur": "0",
          "color": "#ffffff",
          "inset": true,
          "spread": "1",
          "x": "1",
          "y": "1"
        },
        {
          "alpha": "1",
          "blur": "0",
          "color": "#e6beef",
          "inset": true,
          "spread": "0",
          "x": -2,
          "y": "-2"
        },
        {
          "alpha": "1",
          "blur": "0",
          "color": "#fcebff",
          "inset": true,
          "spread": 1,
          "x": "2",
          "y": "2"
        },
        {
          "alpha": "1",
          "blur": "0",
          "color": "#edc9ed",
          "inset": true,
          "spread": "3",
          "x": "0",
          "y": "0"
        }
      ],
      "buttonHover": [
        {
          "alpha": "1",
          "blur": "0",
          "color": "#3e1bc0",
          "inset": true,
          "spread": 0,
          "x": "-1",
          "y": "-1"
        },
        {
          "alpha": "1",
          "blur": "0",
          "color": "#FFFFFF",
          "inset": true,
          "spread": 0,
          "x": "1",
          "y": "1"
        },
        {
          "alpha": "1",
          "blur": "0",
          "color": "#848484",
          "inset": true,
          "spread": 0,
          "x": "-2",
          "y": "-2"
        },
        {
          "alpha": "1",
          "blur": "0",
          "color": "#dfdfdf",
          "inset": true,
          "spread": 0,
          "x": "2",
          "y": "2"
        },
        {
          "alpha": "1",
          "blur": "0",
          "color": "--bg",
          "inset": true,
          "spread": "3",
          "x": "0",
          "y": "0"
        }
      ],
      "buttonPressed": [
        {
          "alpha": "1",
          "blur": "0",
          "color": "#3e1bc0",
          "inset": true,
          "spread": 0,
          "x": "1",
          "y": "1"
        },
        {
          "alpha": "1",
          "blur": "0",
          "color": "#FFFFFF",
          "inset": true,
          "spread": 0,
          "x": "-1",
          "y": "-1"
        },
        {
          "alpha": "1",
          "blur": "0",
          "color": "#848484",
          "inset": true,
          "spread": 0,
          "x": "2",
          "y": "2"
        },
        {
          "alpha": "1",
          "blur": "0",
          "color": "#dfdfdf",
          "inset": true,
          "spread": 0,
          "x": "-2",
          "y": "-2"
        },
        {
          "alpha": "1",
          "blur": "0",
          "color": "--bg",
          "inset": true,
          "spread": "3",
          "x": "0",
          "y": "0"
        }
      ],
      "input": [
        {
          "alpha": "1",
          "blur": "0",
          "color": "#FFFFFF",
          "inset": true,
          "spread": 0,
          "x": "-1",
          "y": "-1"
        },
        {
          "alpha": "1",
          "blur": "0",
          "color": "#848484",
          "inset": true,
          "spread": 0,
          "x": "1",
          "y": "1"
        },
        {
          "alpha": "1",
          "blur": "0",
          "color": "#dfdfdf",
          "inset": true,
          "spread": 0,
          "x": "-2",
          "y": "-2"
        },
        {
          "alpha": "1",
          "blur": "0",
          "color": "#3e1bc0",
          "inset": true,
          "spread": 0,
          "x": "2",
          "y": "2"
        },
        {
          "alpha": "1",
          "blur": "0",
          "color": "--input",
          "inset": true,
          "spread": "3",
          "x": "0",
          "y": "0"
        }
      ],
      "panel": [
        {
          "alpha": "1",
          "blur": "0",
          "color": "#3e1bcd",
          "inset": true,
          "spread": "1",
          "x": 0,
          "y": 0
        },
        {
          "alpha": "1",
          "blur": "0",
          "color": "#a9e2ff",
          "inset": true,
          "spread": "4",
          "x": 0,
          "y": 0
        },
        {
          "alpha": "1",
          "blur": "0",
          "color": "#3e1bcd",
          "inset": true,
          "spread": "5",
          "x": 0,
          "y": 0
        }
      ],
      "panelHeader": [
        {
          "alpha": 1,
          "blur": "0",
          "color": "#3e1bc0",
          "inset": true,
          "spread": 1,
          "x": 0,
          "y": 0
        }
      ]
    },
    "opacity": {
      "underlay": "0",
      "faint": "1",
      "input": "1"
    },
    "colors": {
      "bg": "#fcf7fd",
      "wallpaper": "#edc9ed",
      "fg": "#f075ff",
      "text": "#3e1dc0",
      "underlay": "#ffffff",
      "link": "#5b7be0",
      "accent": "#d5afff",
      "faint": "#6865c0",
      "faintLink": "#7724ef",
      "cBlue": "#45bff4",
      "cRed": "#f69fae",
      "cGreen": "#6bcaa9",
      "cOrange": "#dbbf6d",
      "highlight": "--accent",
      "selectedPost": "#fcebff",
      "selectedMenu": "--accent",
      "selectedMenuPopover": "--accent",
      "border": "#3e1dc0",
      "panel": "#edc9ed",
      "panelFaint": "#d35dff",
      "topBar": "#edc9ed",
      "topBarText": "#b88ce8",
      "topBarLink": "#3e1dc0",
      "btn": "#f4dbf8",
      "btnText": "#3e1dc0",
      "btnToggled": "--btn",
      "input": "#fcf7fd",
      "alertError": "#fc66d6",
      "badgeNotification": "#fa53af"
    },
    "radii": {
      "btn": "0",
      "input": "0",
      "checkbox": "0",
      "panel": "0",
      "avatar": "0",
      "avatarAlt": "0",
      "tooltip": "0",
      "attachment": "0"
    }
  }
}